"I'm at Centro de Información y Documentación Acatlan - @fes_acatlan (Naucalpan, MEX) http://t.co/QYyTyLR1uE",O
Miercoles con M de Maldita sea ya me quiero ir.,N
@LaloRs_ UpuntoU me dolia mucho la rodilla:( oye me cortaste la boca con los chicharrones de ayer :'(,N
“@revistaproceso: Palazuelos pasa de actor de telenovelas a líder de hoteleros en Tulum http://t.co/DJRAL7gMv1”ni quien lo aguante ahora,N
"en los momentos mas dificiles,conoces a los amigos de verdad.",P
@Backer_Skipper haste eso como esta moviendo no va muy lleno pero no mms literal va a vuelta de rueda :'(,N
Sherlock Holmes de mis películas favoritas,P
Algo bueno pasara en mi vida y cambiara por completo lo presiento ! :D,P
@MarianaBro0ke :333 luv you! ;33,P
@paurubio  @chuinavarro  #Boyswillbeboys Los amo :3 Cantan super #excellentduet http://t.co/fwAILApK9b,P
"@Jennylara_211 jajaja' estoy afuera de tu ksa jajaja que buen chiste, okn0' :",P
@AlejandraNuez7 lo siento por la mala palabra pero Jajaja solo me acorde de ti http://t.co/6O78lvCbmC,O
@_FerFarias ay :(,N
Paciencia paciencia ven a mi!,O
"¿Cómo conectar nuestra verdadera naturaleza, con esa chispa de divinidad que vive en el interior de nosotros?",O
No mms que estoy haciendole el trabajo de proyecto de vida al walde  y el valiendo madre,N
Bésame mucho.,P
@yaleidygaby hoy me siento o me senti de alas caidas.,N
@pppattty te pasas eeee,O
"Verte en línea,tener la necesidad de hablarte..pero no hacerlo por temor a que se moleste más de lo que ya está..",O
Pos oiga ya no tengo con quien hablar,O
Diferencia entre un Nerd y un Geek,O
@rodrigocodbo2 ¡quiero un helado!,P
"@GloriaTrevi YA TE FUISTE MI BONITA, TENGO TANTA FE EN CONOCERTE Y ABRAZARTE TAN FUERTE",P
"Mi hermano y mi cuñada que me sacan de mi casa,le dan armas a mi papá para que diga que la vivo de… http://t.co/gsYPBMJJmI",N
Esa sensación de esperar un msj de ella mientras le vales 20 u.u la triste verdad,N
Volver.a sonreir como antes,O
La luna está más lejos que tú y la veo todas las noches...,O
Algo así :3 http://t.co/uQsDpnw7Sw,O
@vic_metafora Gracias :),P
"Le damos a la cuerda , abdominales y ya acabamos #boxtime  ?????? http://t.co/TdxP9j7ejZ",P
Estás cambiando mi cabeza para que te haga lugar.,O
@Cinthia_R17 @Carlos_Ayala14 Jajajaajaj sii creooooooo! ahora resulta!! jajajajaajaj,P
rezando en mi jardín cerré lo ojos  http://t.co/kMDawFGfwT y cuando  los abrí  estaba frente a mi revoloteando un hermoso colibrí fue lindo,P
@MishellMc piénsalo bien cada número jaja.,O
chinga tu madre!,N
Lo que es tener 3 horas libres y mucho cerro que explorar @ Facultad Ciencias Políticas Y Admon… http://t.co/mqH2PtTJMu,O
El orgulloso y grandote Gus Ramos,P
Jajajaa,P
“@rContenido: Personas con problemas de autismo podrán trabajar en esta empresa http://t.co/dXfKDCQNJd”//guau me encanto esta nota!!!!,P
O humo de una chimenea muy grande!!!!,O
"@CFE_VM_Centro En la colonia Campiña de Aragón ubicada en el Mpio. De Ecatepec, Edo. De México #NoHayLuz desde hace más de hr y 1/2. Ayuda!",N
@camiorantes1. @AndreaAlegria_  que orgullo su trabajo hahahhahah,P
Alineación del América: ,O
—3 Vendedores de Bon-Ice. ,O
—2 Panaderos. ,O
—3 Taxistas.,O
—1 Microbusero. ,O
—2 Tragafuegos.,O
@DonRambaro GUACALAAAAAAAAAAAAAAAAAAAAA!,N
I hate having bronchitis -.-,N
Amo la versión Heart Attack en el Walmart Soundcheck.,P
"- Nada, estoy bien... http://t.co/6QknOT7isx",O
"De verdad q todo en la vida es actitud, hoy cn varios temas q resolver la enfermedad m dejo laborar claro después m lo cobrara y yo sonreiré",O
"I'm at Parisina (Tampico, Tamaulipas) http://t.co/6u4IMlH1Zh",O
llega ya!!,O
@hipsterkyouko seno tu sabrás XD,O
Lluvia mil.,O
@AzaaEscayola estoy en mi pueblo jajaja,O
"I'm at Centro Cultural Villahermosa (Villahermosa, TAB) http://t.co/9azxKkj9yT",O
@GloriaTrevi nos puedes conceder un deseo? @mimedina1216 @TreviNaci @lezliegarcialg @GoldGirlG @THALISMANTHAPIA saludanos a todas porfa!,P
Ahora sé que vinotinto es un equipo de fútbol.,O
Lets get out of here (@ San Andrés Cholula) http://t.co/VUCsjET6vZ,N
Al vga,N
@EJerezESPN Saludos desde Guatemala,O
Lo que uno puede hacer en Photoshop..Me quedo lindo VIEJO.':) http://t.co/CS3ng7Rlm4,P
Me apodan ... Dr. Corazón ;) :D,P
"Luego porque se quitan la vida los demas.... Por sus pinches actitudes,  y sus estupideces.  Ptm!' Todo al Carajo, Mierda. -.-' .l. Fuck You",N
y ya no faltare la próxima semana empiezan mis evaluaciones.,O
@mjdurazo No se usa ya llorar simple ya paso de moda,N
@Terceramex arranca la semifinal de ida celaya vs miguel aleman http://t.co/Xm3Rbv61Db,O
Awwwwww?,P
"Me siento "" classaphobic "" ",N
Creo que soy la única persona a la que no le gustan en absoluto los Beatles,N
Abra cadabra patas de cabra que aparesca una cama ya!,O
@sexiqueenharley lastima que no enseña pezón,N
@AutocinemaC eso el payaso? Échenle una leída a la novela,P
Estado sentimental: ,O
Imprimiendo curriculums....!!,P
@anny_cam Loquiando beb y tu?,P
@DanVazgo 85 es de mediocres...,N
“@nachoarvizu: “@Dinero_Exc: ¿Cómo luchar contra el 'mal del puerco' y su impacto en la productividad? http://t.co/g84PQghBtB” mira @Farar”,O
@FanniTM Y si quieres te presto el mío jajajajaja,P
@Coreallan @AtRoCItuSrED pinches pretestos de seguro andabas haciendo tus joteses,N
@Omarrdguez .-. Que gracioso.,P
Sufro la maldición de tlaloc !!,N
"@victorcrranza @Happily_Day @Itzel_Santiiago Bueno, Menos Victor, Menos Víctor ;) Jajajaja Chismoso, Na, Para Nada Jajaja",P
"Un novio, un novio queeeee ....",P
Un 100 #hope,P
"Esa lluvia en Huajuapan solo trajo más calor, pero que bueno que Tláloc ya se hizo presente #TwitterOax",P
"Te odio,",N
"te quiero,",P
"me cagas,",N
"me encantas,",P
"lárgate,",N
"regresa,",P
"muérete,",N
"perdón,",P
"vete,",N
"quédate,",P
"maldito,",N
"nocierto, ",P
Te amo.,P
@karenina_ana Pues ya que n.n,N
"@mariofmorales jajaja no! Pero ps que tal si me voy a ""las higueras"" y ps se me va a ver esa nacada jajajaj",P
Pero era bonito eso :3,P
"@Emeliiis si, yo igual confirmo, tu mirada y tu voz me encita *sm*",P
Buenas noches amigos tuiteros!!!!,P
"Para mi siguiente truco, ¡Necesito una lancha!",O
CalorOOOONNN!!,N
Recuerdo cuando @SiPeroGeme_  me llegaba al hombro :((,N
@esteban_brv @omarbrv cual.novela ess??? Cuentenn cuentennn,O
El pote salvo la vida de mi novia,P
"@eli_22rivas @Pariver1021 no bueno eso ya es otro pedo wey, jajaj es así de ups ya no hay pa donde hacerse no",N
No llores por alguien que en estos momentos esta sonriendo con alguien mas.,N
Mi chititito se acabo el primer huesso :),P
"#ElGranTruco es enamorarnos cada dia , no cuando nos van a perder ?",P
"—¿Mamá me dejas salir ahora?. —¿Con quién ? —¡CON LOS TERRORISTAS, TAAH TAAH! @AndreaZuni_ @CaSeReS_T",P
@AxeelCaR jajajaja aun no seeee oye md :),P
Jamás en la vida me imagine que fueras así #quedecepcion ??,N
@conagua_clima  nada de nada en #Tuxtla #parquemorelos ni una tormenta,P
"Me sorprendió este semestre, Hice el intento por tener buenas calificaciones :D",P
Te doy mi vida si te quedas en ella @arlettmendez1,O
"Que me esta llevando la tristeza, que me estoy bebiendo este dolor ....",N
Y ne dejo intrigada...!,O
"@ferbv Ujuuu, ahora soy feliz",P
A veces me da por decir estupideces(:,P
"El novio que YO quiero: Cursi, pero no empalagoso Celoso, pero no psicópata Horny, pero respetuoso Lindo, pero solo con mingo... ?",P
Uno de los lugares más impresionantes a los que he entrado… @ Museo Memoria y Tolerancia http://t.co/zzbDRgTnpR,P
La hipocresía abunda cada vez más,N
¿Quién dijo que una mentira puede hacer feliz?,N
"Que te hable bonito atrae, pero que te regale unas botas ? Enamora!",P
@HELL_HUESOS en total y absoluto acuerdo.,P
@ElBorregoALX Bendito Dios llegaron con bien... saludos y toda a buena vibra en tus prsntacions ... y BuenProvechito ;-),P
"Por que nadie chuitea, ¿no tendrán tiempo o dinero?",O
Me choka depender de algo ó alguien para hacer las cosas... ??@akoky_jorge @escarlita9,N
La derrota no será parte de mi vida !,P
"@diego_alfaroa De verdad:) no sé. Abrí la caja, sé movió y pues yo sentí que me iba a matar a mi.. Y le gané:)",P
Fresca como lechuga:),P
"- Ale, estas enamorada?- NO! Porque? -Y el tal.. - No lo menciones, y deja de preguntar eso... vv'",P
@JavierdelMoral1 andale tú si sabes hahaha nocierto madre no somos iguales jajaja!!! xP,P
Me gusta el olor a lluvia,P
"Ayer pedí que te murieras,que te cargara la tristeza ,que todo el mundo te olvidara ",N
"que tu belleza se acabara, para que nadie te quisiera.",N
Felicidad es saber que una paciente se salvó de ser amputada de su pierna.,P
@PerlaZuzuki presente en Plan ejecutivo de pavimentación urbana y rural #TodoPavimentado @guillermopadres http://t.co/oyUZQ3o9T9,O
Mañana ah golletear(8,P
Y no funciono xD,N
@Cris_Blake Gracias,P
En estas 4Horas que han pasado ... No se que decir .,O
En TUXTLA vista panorámica http://t.co/Cr8NcWmEZK,O
@AlonzM jajaja ese es amor del bueno #esley,P
"@garciatorano @futpicante no la pasen al final, muchos trabajamos queremos verla pero tenemos que madrugar... No necesitan eso para raiting",N
@thevictimas te amo mi bobo,P
Impresión en vinil autoadherible 720 dpis. @ CAF impresiones http://t.co/QN9hiJVuX2,O
@aangeelr15 Ya porfa,O
@shesatease @CHILISMEXICO yo quiero ir Por favor!!!,P
"Me has condenado a refugiarme en otros brazos, me has condenado a buscar otros amores.",O
@RaulOchooaa te cae  bien ??!!!!,O
Creo que esta enojada... ¡Bah! La vida sigue.,N
Iphone te amo ?,P
@Ivan_Cus quizà ya mañan le enviaré was.,O
@OlmedoPato habria que revisar los colchones en todo guarida d cada rata priista,N
Mañana noche de Ver a Cruz Azul Ganar&lt;3,P
Necesito mis lentes... ????,N
@iGeraEscalante cuando Apple invento a Siri todos los teléfonos sacaron comando de voz!!,O
@sistanattyklahu pinche vieja gorda te extraño un putero.  Ya hay ke parlar neta,P
#mexico,O
"@mariofmorales si, yo voy jaja ah! Hoy llegue por cierto jajaja :D",P
@MarioT_Cano jajajjaa pinhr wey,P
"@GelyBerry me parece muy bien, pues yo estoy bien y en la escuela voy bien, bueno la verdad no jaja",P
#SoyFutbolero y #GuerreroDeCorazon #GuerreroNoCualquiera !!!,P
@I_am_Sinsajo ¡YAAAAAA! :( haces que se me olviden las palabras.,N
O denles un madrazo y que ya quiten esa puta cara y finjan felicidad....??,N
Que oso que casi toda la escuela sepa que tu novia es bien golfa menos tú.// uy como tu ex @FrancciscoHM,N
Superalo superalo superalo superalo superalo...Fuck /:,N
@GrissAshanti oye jajajja shhh,P
Miralo? Como no enamorarte.,O
Jijiji (@ Fraccionamiento Las Palmas) http://t.co/ssWVyoS04G,P
Epitafio: “Traté de ser decente”.,O
@GabbiiGuzman obviooo y mi tamal del otzo,O
Quien habla conmigo? :D,P
Antes cruzaba un océano por ti.. Hoy no me mojo ni un dedo.,N
@YouTube que tal amigos esto es algo de lo que estamos realisando para todos udstedes esperamos que sea de su agrado,P
terminando de ver el ultimo episodio de #thenanny me hizo mi dia @frandrescher,P
@ContactoRioRoma @Galavision @RioRomamx @mexico_suena NO POR NADA DEL MUNDO ME LO PIERDO;),P
@jrmvozencolor quienes son nene?,O
Realmente espero no me decepciones.,N
Cruzamos la mirada y un par de palabras…,O
El secreto esta en encontrar a una persona que ame tus defectos y virtudes.,O
@MarianaAndradeB @MariferGlezz estan bien guapas chicas,P
#Telediariomty Achinga! Apoco habia descuento en los q usan #TrajetaFeria ?mmmApenas me vengo enterando que bueno que ni la uso! Jajaja,P
Algun dia se dara cuenta de porque?,O
@ValeriaSussettG yo TA aun mas!!,P
@fheeersuiice neta quieres que me valla? ;'(,N
Starbucks &lt;3,O
"Poresita, no tiene ni el mes de novia y ya es maaaaaaah chiva.. #mejorNi",N
Pinche Ariiii eres un desmadre ya mejor ponte a buscar trabajo,N
Futbol *.*,P
No mames,N
Talvez nunca sea tarde,O
@SritaGutie ya y me regalo 2 por cierto no lava bien el nistamal porque me salio una piedra &gt;.&gt;,P
#ElGranTruco hacerte del rogar,O
Cada sonrisa es diferente pero todas generan felicidad. http://t.co/JbOCYGPH24,P
"Que les pareció el lavado exprés de la naturaleza! Muchos saludos!”// Lluvia purificadora. Saludos.""",P
shhhh bitch! .l. jaja http://t.co/cjTq00BGyI,O
@GilGarza11 sludos pelao andate super xD,P
"Estan pasando tu tema favorito en la radio, empieza a hablar el locutor y vos estas http://t.co/6KdNHa8VQ8",P
@GascaBrothers  SI NADAMAS QUE NO ME PUEDO MOVER,O
Aun no se que hago hablandote ?,N
"Si unificamos aranceles, los diseñadores competimos por calidad no por el costo. Así eliminamos la competencia desleal.",O
Existe algo más difícil para un ser humanó que descubrir que puede alcanzar el poder???,O
La sexta precontingencia por ozono declarada ayer en el Valle de Mexico fue levantada esta noche,P
"Dice que no le gusta gastar gasolina, va a la gasolinera que esta hasta el aeropuerto solo por gusto #Boss #Fail #Papa",O
@deporteseltigre cuando se hace una Carne Asada? Dile al Prof.Luis que si ya se olvido de los pobres? de quien lo mando a las grandes ligas,P
“@nachoarvizu: “@Dinero_Exc: ¿Cómo luchar contra el 'mal del puerco' y su impacto en la productividad? // Dejando de tragar como tal! Jajaja,P
Se puede morir un perro de la tristeza! #MeEncantaEsePerro,O
Ja ja ja ja ja ja ja Tu no eres el futuro solo eres un imbécil mas Estado: Salvaje,N
@profeco como meto una queja vs @gnpseguros y @honda no me Quieren mandar grua x siniestro y afecta visibilidad 100%. Urge p meterla mañana,N
Correr para exorcizarme de esos mariscos.,O
Todo se resume en palabras y promesas olvidadas!,N
@AlejandroSanz ya que andas en tu tierra me podrias mandar un súper regalo el libro del @Librotiopaco con tu autografo y el del tío? Please,P
@xavelito @macako88 @moriseloso @guerreton 0/ donde y a que hora toy kn morrrriiisss en sears,O
“@calibre50eden: Celveza y alitas viendo la final de basketball @ Buffalo Wild Wings http://t.co/fR9o213SZb”?? ay amo las alitas del Wings!,P
No me tientes #JJ que no sabes el alacrán que te estas echando a la espalda #YoSeLoAdverti ????????,O
@SaanColin vete al carajo Gabriela yo no conseguí boletos casi lloro TE ENVIDIO,N
Ta vez dormire en debajo de un puente.,N
@DaphneGaba borrachaa manipuladoraa tomaa otros 30 y yaa jejeje hasta para tus chichess jejeje  ya estas ok  ssshhhh a mano okidoki ^_^,N
@exa_neteando @exa_anaestrada @exa_k en estos momentos es cuando lamento no tener #Computadora :(! Suerte que pronto lleguen a su meta ;)!,N
Comienzo a sentir que realmente necesito un descanzo,N
Buuuuuuuuuuuuuuu..............,N
@eizamusica Te Amo y aqui tooy para defenderte de la tonta belibobaa :( *PERDON BELIFANS*,N
Bueno si ire a la kermesse o/,O
@AleCarreto_ no había visto esto hahahahaha la estabas viendo también?,P
@pepefan64 @TorodeBabel @PepeAguilar jajajajajajajaja me conoces o hablas al tanteo =) #Apuesto a que si =),P
"La única vez que se debe mirar hacia atrás en la vida, es para ver lo lejos que hemos llegado.",O
La selecta le esta haciendo huevos en Venezuela.,N
@Danny_14CU jajaja dos tres eh no estaba tan bueno jajaja ntc,P
"Checa ""Al 100"" Nuevo Video de @ManotasOficial y @EptosUno en la web http://t.co/kYrfPppO4H",O
Y me dejo intrigada...!,O
@CRUSTACEO Buen Kro. Que onda? Como estas? Un saludito no? Te escribo desde Tabasco :D,P
"Tu,yo?? y una familia juntos?? piénsalo?.",P
El transporte durante el holocausto… @ Museo Memoria y Tolerancia http://t.co/lpsXcQDhr5,O
@camiorantes1. Hahahhaha ironía hahahha,P
:O Hija de su ****,N
@Bren_delatorre @santiesteban26 Eso es todo Santiago!!,P
Niestachidoserchaparra:(.,N
"En mi vida nunca había estado más nerviosa, como lo estoy ahora ! :$",N
"@UlisesOntiveros Ojalá no se metan en nuestra Platica xD, Pero aun así fue un Gusto saludarte xD",P
"Con los pies siempre sobre la tierra, bien activo sigo dando guerra...",P
Todo lo que quiero hacer esta prohibido  o es muy cara o esta muy lejos. Bravo,O
@YahirSR Hahahahahahahahaha ala verga puro monkey xd,P
Asi me gusta noems :p,P
GisVizuet jajaja! Hay que irles a pedir azúcar. ??????,P
@Eduardo_Ponce89 prometo que por mi parte volveremos hablar como antes :),P
Por qué? Por qué hay tanto humo #EnGuadalajara ?,N
"@Daan2502 ¿Sólo gané aplausos? mñe, no vuelvo a responder ddddddddd",P
No existe un lazo entre tú y yo .... (8),P
¡Atención! Termina la fase de precontingencia en Valle de México.,P
Ya a dormir!,O
@aLiNe_Rch que gusto me dio verte !!! Pero nos falto mas tiempo !,P
Saluuu @ Plaza Genovesa http://t.co/XcT499XQz4,P
@MelanyAlvarez__ No que sea necesario mi amor para hacer muy feliz! LAAMO ?,P
@Pariver1021 @eli_22rivas jajajajajjajaja si wey ya somos 2 en el aeropuerto jajajajaj????,P
Dormí como 3 horas.,P
¿Qué nos paso? /:,N
Por qué? Por qué hay tanto humo #EnGuadalajara ?,N
Ya llegueeeeeee!! (@ Aeropuerto Internacional de Monterrey General Mariano Escobedo (MTY) w/ 23 others) http://t.co/wRTAvIUN0K,P
"@IVANCILLO13 @wichoman29 hay amiguitO pues te recuerdO qee tu eres el cOtizadO, perO estOy de buenas, asi q fletate y nOs patrOsinas la Otra",N
@NormaMendoza6 Dijiste que no me amabas mas ?,N
¡ANDO QUESISIMA! \o/,P
"@TabascoHOY Michelle Rodriguez, Vin Diesel, Paul Walker, Dwayne Johnson, Jordana Brewster #RápidoYFurioso6",O
@gabo_casta  Jajajajaja #Geenaro... Ya te dije que te la busques gringas,O
Tengo que hacer intercambio a mi mama,O
"@Are_areee OEA que bonito, pero me las tienes que mostrar eh",P
Saben? Tengo miedo por ESEM! #Chiale!,N
Cenita de maestra Viridiana!! (@ Viri's House) http://t.co/G4Kzyifvtf,P
No hay nada mas gay que @Madarfaker exepto @Legolumm el es mas gay que un puto con tanga,N
I'm at El sazón de León http://t.co/SaEThk337l,O
O tal vez era una bomba de humo!!! Porque ahora ya no se ve nada!!! :P,N
Estoy triste pero de pie,N
"Los hombres son como los alacranes, pican y se van ... Palabras de mi maestra de Literatura jaja c:",N
Hoy le gane a @davidpecero,O
@UnIsmael nene como se llma amilcar??,O
Realmente espero que no me decepciones.,N
Que tanto harán!!?? /.\,O
@mhonividente me casaré con mi novio Emmanuel¿ #preguntaleamhoni,O
El programa de Animal Planet q están pasando ahorita es CUTENESS LEVEL 9000 !!!!!!!,P
Puñetaaaas,N
A ver que tal esta la picture (@ Cinépolis for Star Trek Into Darkness w/ 2 others) http://t.co/34GXqc0Wrj,O
@gabominilemur NO MAMES! ¿Qué onda con tus vecinos?,N
ver que uno de tus hermanitos se caiga y se ria jjajaj es unico pee,P
Si te quisiera no hubiese hecho eso. Uuuuuuuh!,O
“@prodanmty: Los Prodanos estamos planeando todo para el 3K PRODAN http://t.co/WylowOfMRE”suerte!!,O
¿Qué haríamos sin el Sr. Viejito de la biblioteca? Es un crack para encontrar información. Lo amo.,P
Es una vaca,O
Flores. ..listo. ..chocolates. ..listo (at @HEB_mexico w/ 3 others) http://t.co/v030YzL4yv,P
@karenjuarez19 karina! Dice el Jorge que TE acuerdes de las maracas!!!!!!!!,P
"Cerebro de mierda no es un insulto, no se enojen cuando les diga así, me sale natural.",N
me dare x vencido,N
"No soporto la gente que hace y dice de todo para llamar la atención, dan lástima..",N
Ah pos que enana. http://t.co/v48PsLUpuw,N
Cuando me marcaba y decia : te hablo para recompensar lo q no platicamos en la tarde !!!! Aww q bonito le decia io y el : no seas cursi ! :D,P
"Ama me duele el oído, bueno me duele todo ):",N
Hoy haré algo que tiene mucho tiempo que no hago... VOY A ESTUDIAR BITCHES!,P
Distante pero no ausente.,O
@loreeserranoo necesitamos platicaaaaaar q pasooooo :(((??,N
@steph12Gallegos owwwwwwwwwe :'3 cuerishhhhh,O
@bobydj1 jajajajaja usted siempre sale con algo que me hace reír boby jajaja tan lindo que es ????,P
A darle candela ! Que mñn será un día agitado,O
Se me cayo un pezon,O
Pinche dia mierdero.,N
"De los Mismos creadores del Patrón del Mal, Del Rey Sin Corona, de La gran estafa llega x VTV directo a sus pantallas http://t.co/yGAArAJqrB",O
Delicioso. (@ AMALFI Pizzeria) http://t.co/ldBVl31P4J,P
@__ForeverLinnet nada guapura aqui en mi casa aburrideishon!,O
"Que me desee buenos dias, buenas tardes y buenas noches, #noporquemecaso.....#inlove",P
Te extrañaba! (@ Ciudad Deportiva w/ @cherroso) http://t.co/7lz9GMYpjA,P
Me encanta el cabello de mi novio,P
Esperando las 8:30pm (@ Central de Autobuses w/ 2 others) [pic]: http://t.co/MLn6mu30qT,O
"No vivas dando tantas explicaciones, los amigos no las necesitan, los enemigos no las creen y los estupidos no las entienden.",O
"Felicidades, me perdiste",O
Venganza es hablarle mejor a los amigos de tu ex.,O
"Carajo, tsunamis mentales.",N
@lizi_Ramirez Shi! Sino si te hubiera dicho! :3,P
" yo deseaba tanto estudiar ballet, pero realmente era todo sobre el tutu",N
"Lo que des, recibirás aunque a veces venga del lugar de donde menos lo esperabas",P
Vez por no estar conmigo el cielo se esta cayendo ????,N
Foto de dianamoreno29 http://t.co/fILzn3mJix a ver señores.. Yo tengo el secreto para conquistarla ?? @dianaMmg  $$$,O
@UnPoetaDice: #ElGranTruco está en hacerla enojar poquito para después contentarla a besos.Por eso te hago enojar tanto @stephamyvaladez,O
Que difícil es sacar algo que esta tan metido en tu corazón!! ??????,O
Listo ya mero a casa..... y mañana nos vamos a México cosas de negocios verdad  Coco (@ Estrella Roja Central CAPU) http://t.co/0da22ZuA3w,P
@Bboymark93 \O/ mejor ya no quiero nada Jajajajajajaajaja... Es juegandito,P
#EstúpidasYSensualesGanas de seducirte!!!!!:$,P
Hechando Retuits!! O ke????,O
Todavía no corro y ya me cansé:( (@ Parque La Silla) http://t.co/Tta2onsQ8J,N
Muriendo de soledad como alma en pena muriendo sin poder amarte como condena.,N
@tavito_360 juuuumm noo le das nada a nada a :c @kevin_KVN_97 :c,N
#Mis15Debilidades loa globos helio,O
"Regresar con tu ex es cómo comerte tu vómito, vomitarlo y comerlo de nuevo.",N
SIGUEME Y TE SIGO:),P
Noo puedo leer mis whats :'(,N
"Los hombres engañan más que las mujeres; las mujeres, mejor.  JajaJaja ojo chavos!!",O
Hay canciones que no deberían categorizar como canciones.,N
#managerdetribuna un saludo desde Monterrey México siempre siguiendo sus transmisiones Ernesto No no no no no y arriba los súper yankees,P
@JaquelineTurret jajaja :*,P
Todos los de mi salón preguntando si ya nos reconciliamos jaja :3,O
"Llamen a Chicken Little el cielo se cae, seguro el sabrá que hacer.",O
"Cuando le Mandamos Un Tuit a Adrián,el dice ""El dondecarajoestamiceludance!""",O
Porque De tantos Tuit's Vibra Y Vibra el Iphone Y se va:B,P
@YadiraRMateo oye me alegro saber de vos de nuevo :$ he *-*,P
@salazar_karlita yo de nada .___.,O
¿Ya puedo considerarme gente civilizada? Digo él quiere con mi ex xD,O
@mighunglow ya te mande una,O
@lauraph97 me enamoraste ??.,P
te quiero mucho más de lo que puedo!!!!!,P
@camiorantes1. @AndreaAlegria_  me los imagino hahahhahah,O
@laalooLaaraa un poco viejo el balonsito,O
¡Woow! Que padre es que tu hermano el más grande te enseñe su título. Se siente tan bonito :'),P
#ElGranTruco esta en dejarte el peinado Beatlemaniaco... http://t.co/ljI0KoLoxI,P
@priscycouture @Yes_fles jajajajaja un trauma para toda mi vida las amo muchísimo,P
@Soniarojasp  hola amiga buenas noches esperemos que mañana sea mucho mejor,O
Hat trick de Varane. Madrid 7-0 Bayern @javiermollinedo,O
Pero q ganas de acabar ya!!! Mañana a tope con nuestro último examen (espero xD) @JennyMateos,P
Pues estoy pensando en irme a Guadalajara...,O
A jugar un rato ojala y llueva (@ Mision De Huinala) http://t.co/9Y4BRSz1FV,O
@mahyum ya pronto nos veremos,O
"Quizá, cuando termine de estudiar.",O
#mecagaque no pueda cenar tacos a gusto sin que llegue un desafinado a cantar.,N
Peleando por subir al bus U_U (@ Plaza CENTRASUR) http://t.co/TycPttfXdi,N
tengo hambre:(,N
"@_FerFarias jajaja nah solo se me hacia bonita, equis jajaja",O
Por fin regreso el internet a mi casa por fin!! :'),P
Me siento tan vacía.,N
@migahaaz @la_ovni neta aldito me creerías capaz de hacer eso??? Jajajajaja son los alucines de jackelina con el arenero de kittydi q esta,O
Carteles colgaré para mostrarte como debe de ser.,O
Sudar hasta sentir que estas bajó la regadera... ??????????,O
SI ME SIGUES TE SEGUIRE QUIERES PROVAR SOLO TE TOMARA 5 SEGUNDOS Y SI NO TE SEGUI DEJA DE SEGUIRME..,O
Hoy si me voy a tomar la noche!,P
Pide menos likes y lee más.,O
@SuperboletosMx puntos de venta para los boletos de slava's snow show?,O
":D ya se donde es, solo es cosa de que se animen todos :) tu ya súper puesta @vhiG_  ?? @tequesquitengo",P
Parmesano y jamon porfavor.. (@ Subway) http://t.co/PCxPJZROwn,P
Por fin! No veía la hora en que se acabara el semestre! Ahora a dormir todo lo que no he dormido en 3 semanas,P
Mi casita! :) (@ Barrio San Miguel) http://t.co/v6mpdTVdUw,P
“@ChisteSorpresa: ¿Recuerdas nuestro primer día juntos? ¿Nuestra primera sonrisa? ¿Nuestra primera mirada? Yo nunca lo olvidaré.”,P
Que no daría por salir corriendo a donde tu estas..,O
@CaroRodriguuez ya me ire pues,O
Impresionante… @ Museo Memoria y Tolerancia http://t.co/7FDHoA0N7W,P
"Emmanuel, evita comentar eso.",N
"#weather Right now the weather in Tequixquiac, México is Lluvia débil con truenos and 17°C #tequixquiac #mexico",O
@punk_cm99 bueno:3,P
@Jacovich_GMA @Alessa73 @Washingtongue @ManceraMiguelMX NO ME OFENDAN A @ManceraMiguelMX ES QUE OCUPA ENCUESTADORES DE @lopezobrador_ JAJAJA,N
"@pautappia Jaja u_u gracias, pero ese gym es del diablo D:",N
#Mis15Debilidades el flan napolitano,O
Tengo ganas de que mi novio me de un súper abrazo :'/,O
"Como ya es costumbre, no tengo nada que hacer -.- Estoy Aburrida :( http://t.co/CHYONROljk",N
Que feo se siente :/,N
@DonRambaro @Gabo_stk1974 En la cuidad les decimos cacomixtles jajajajajaja,P
@LupitaDDe que tarea tenemos !?,O
#CruzAzulCampeon ?,P
"@EsaLuu__ jajajaja, te amo más bebechi.",P
@072GDF @ManceraMiguelMX @Sacmex si es pasando perisur a la altura de la iglesia dirección sur / norte,O
"@YaeloGeded @monicabarroso1 @AlanVargasSaenz @maluisa_barroso pussy. No te laves las manos, yo quería hacerlo primero... hahaha ;)",O
Ver tu retícula de estudios y sentir que vas morir con 36 materias de matemáticas,O
@ESPN_Beisbol: #MiércolesSabermétrico ¿Quién es el jugador con mejor combinación de poder y Velocidad en la Liga Nacional? Carlos González,O
Quisiera amarte menos por que esto ya no es vida. Mi vida está perdida de tanto quererte...,N
Alejate procastinación de este cuerpo chambeador,O
"@ClaudiaGalvan_ Me paso de todo changuis de todo, no te imaginas ????",N
@iHuesitos_13 neeeee'h no le tengo miedo e.e jaja ok no cierto si cierto ._.,P
@_mariarod6 pinche insanity wey lol,P
@osoriojua   esta hermoso como lo pongan  @xqElAmorMandam,P
“@fcogrimaldo: @veroniqueslp ¬¬ irás a pracricar canotaje por el Boulevard verdad???” ya seeee!!! ??????,O
#ElGranTruco es vomitar después de comer para no engordar. De nada.,N
Otra en vinil... @ CAF impresiones http://t.co/zgFxdkiNfG,O
@GabiithaRi igual a ti. ??,O
Nose si vive o muere,O
Ya llegué jefa! (@ Tinajero's Home) http://t.co/laBURodsSz,O
@Areyouafucker jajajajaja!!! estas loquito pero algo diferente no? Jaaaj puede ser jaha,P
Tu me gustas como para que ya nadie mas me vuelva a gustar.,P
@chiviinvasora @ElRecodoOficial Gracias por complcr siempre bella noche ;-),P
Confirmado !! Lo extraño mucho demasiado exageradamente harto !! :/,P
Tristeza nivel: Bittersweet,N
@OscarPergon si we equis :S,N
Mucho Twit de priistas¡¡ qué asco¡¡¡,N
"Un aplauso para la mujer que conquista, sin faldas cortas, sin grandes escotes, solo con una sonrisa, su mirada y su forma de ser""",P
De la que me salve ??,P
Paseando ah @Eduardo_PerezR perdon es a terry,O
Decomisan cajas repletas d billets d 500 y 1 mil pesos a ex tesorero de Granier http://t.co/g3AYBUzX7U http://t.co/BRMeiIWNtz No es posible.,O
Sigue doliendo pero hay que seguir. Uffffffff (@ Gym Sport Center Insurgentes w/ 4 others) [pic]: http://t.co/5473CAAL82,N
@anny_cam Siii *-* Ando viajandi,P
@jenny_mnses18 Yaa see :( pero ya pronto nos veremos,P
@chachinflores tus dientillos de piraña jajajaja ti amo guaporu &lt;3,P
@FalsaPrincesas jaja @DaisyMaliblue,P
Los obstaculos son una piñata que hay que darle palos aunque tengamos los ojitos requete vendados.,O
(@ Condominio Marsella) http://t.co/Qd4Ikc5tgx pisteando con amigos o k ase?,P
En ConKal Yucatan listos para que empiece el #GranShow.,P
"aventuras no de un romance, de amigos con derecho",P
Jode al co*o e tu madre!!!!,P
No encuentro johnny rockets siempre m pierden esta plaza de chet (@ Ciudadela Lifestyle Center w/ 3 others) http://t.co/qSfLqjkFde,N
Hace rato me acorde de cuando era niña :'),P
@DiegoE_Estevez ajajajaja ya ya hice esa mierda aburridoo estar haciendo esas putas preguntas XD,N
Puerco araña :D,P
" ayy claro que noo, obvio si queria pero no nos pusimos bien deacuerdo :c por cierto tengo que decirte algoo!!",P
Tu sonrisa.   Tu mirada.   Tu voz. Tus labios. Tus palabras. Tus sentimientos. Tu corazón. Tu cuerpo  Tus chistes. Simplemente @jennirivera,P
"@DianaRangeel BORRALA jajajaja es que cuando nos tomabamos fotos en mi casa, en webcam se guardo y no me di cuenta!!",O
Mañana directo a la tierra que me encanta y es muy bella Guadalajara mañana nos vemos ;),P
"Y que y que y que ?!?! Ademas ni mi importa, ni mi importa, ni mi importa !! ^^'",O
Entendiendo la perfección de este hombre @calibre50eden ?? carajo cada día le conozco algo mejor.,O
@RaulOchooaa RAÚL!! -.- no me vuelvas hablar wey!!,N
@danferrus ¡¡Jajajajaja!! ay ):,P
Odio a esa malvada chamaquita... Palabras sabias de mi hermanita #tierna jaja,N
@miltonandree Urge que dueños de estos lotes vengan a limpiar y poner orden. Atrás de Jardines de Versalles! http://t.co/pTe17rMPPC,N
@FuuuckingHell aww chiquis.. Te mando bissous bissous :),P
Me alquilo de Botarga para fines de semana... menos la del simi ese ya esta muy visto,O
Y lo vuelvo a decir asi se la deberia de rifar mas seguido la suegra,P
Proteger mis láminas y mi material de la escuela de la lluvia y sobre todas las cosas!,N
"@CF_America, @yosoy8a &amp; @TonyLopez_17  son los único que me hacen feliz!!?  Lo único que le da sentido a mi vida :/",P
@migahaaz @la_ovni justo a su lado jajajajajaja kittdiiii no seas tan cochinita x favor el cerebro de tu mami ya anda fallando jajajajaja,N
"Liberate del pasado, vive el presente y construye tu futuro.",P
@Flexonh @oesspm @JuanManMasaya @PCmasaya jajajajajajajaj sos un ojo de patooooo!!!! Jajajahahjq,P
"http://t.co/YXULUv2JKs Al que le interese, al que no pues chinguese. :)",P
Quien gusta acompañarme a ponerme mi nuevo tattoo en 1 semana al D.F,O
Estrelle mi coche contra el muelle y deje que se incendiara,N
http://t.co/1Q50lTFWVK ???????? que hermoso,P
Los invito este viernes a las 6pm al desfile de Graduaciones 'Vestidos de noche' en Liverpool galerias :),P
@luizosoriosozz3 jaja pues si hasta te llamo para decirte pinche flojo no mames ya parate y tu con tu vos de me acabo de levantar...,N
"@AntoniouCortes demasiado tarde, ya me mojé ??",N
Aquí nomás comiendo como elefante ???,O
@RobertoGlezLuna jaajjaajjaajaa pero deberías sentir el calor...,N
#Mis15Debilidades la cama,O
El dolor que no se desahoga con lágrimas puede hacer que sean otros órganos los que lloren.,N
"@LexaniaFontan @XCoatzacoalcos órale que bien , pásame tu whatdapp por MD.",O
Llueve a cantaros en el DF,N
muero por que sea mañana,N
@joel_gomez_02 por algo,O
un helado y soy feliz ... =D,P
Molestar a alguien sólo porque te gusta ver como se enoja,N
juju y la lesviana?(8,O
@tefagimnofobica Nooo!! Jaja,N
Ni sabían los manpos jaja tampoco eso,O
puta chucha siempre salgo pedo de aqui...,N
"No se, como que me dan ganas de ponerle un altar a @Chiifaaa pocos fans piensan, opinan y razonan como ella.",P
Mi infancia fue la mejor :3,P
@DiasparFS Okks enseguida lo hago,O
Ni soy tan pendejo no mamen,N
Ando con tu hermana!!,O
.- entonces eres mi cuñado!! ,P
Jajaj saludos buena tarde,P
Esto de estar enfermo no esta padre,N
@LeslieDuqueFan amar es algo especial para personas que son muy importantes en tu vida,P
@lizyrasta @mhonividente  que vez para mi futuro amiguis buenas noches 14-11-88 #preguntaleamhoni,P
Me gustan las noches lluviosas y con relampagos :),P
@MarianaBro0ke &lt;3 de dónde eres? ;3,O
Si no me llueve me llovizna. Perfecto!!!,P
@CmJanny ¿De qué habla señorita Correa?,O
Hay  viene la lluviaaa,P
"El que quiere, puede. #AsíNoMás",P
EsDecir q SeHanApoderado d lo q CreíamosCreer y nos hacenCreer q creíamos q LosPensamientos q hemosTenidoSonPensamientos q creemos QCreíamos,O
Que hacer? Darle oportunidad a quien me trata bien aunque no me guste?,O
@Araizaa_ Uy mi Lilo :3,P
No hay mal que por bien no venga??????,P
Si somos felices juntos ¿Qué putas importa la opinión de los demás?,O
"@dratzrorro queeeeeeeeeeeee!!!!! desde cuando bb, cuentamelo todo ahora",O
@ValeriaSussettG yo eso pero sin el doro :*,P
Adoro la risa de @polita_pd,P
@LmpzLuis siiii y seras un bebé jajajaja,P
"@ferbv No manches, yo sigo estancado en el 37 :'(",N
"@ReyCNN Efectivamente la imagen del PAN no, pero SI la de Madero, que debe renunciar por el bien de su partido",N
"@esteban_ruano Ud es mi vida, lo sabia?",P
@DaniGalicia8 Equis beibi...estas bien guapota,P
Traigo barba de 12 dias....como extrano mis años hipiosos!!!,P
@AutenticaAndele Son Chidos Mi Cancion Favorita Es La De El Chingadazo,P
@mhonividente @JosephM09858710 buena pregunta !!!,P
@Elii_JE jajaja no salimos ?? buuu! problemillas tu sabes casual! ??,P
Colima!! Ya quiero llegar,P
Y nuestro trabajo sigue creciendo!!!,P
"No nos fue nada mal en la primera ronda, ahora esperar pasar a la siguiente #TorneoDeBolicheAMEX por eso amo trabajar ahí. ;)",P
"....Que me desee buenos días, buenas tardes, buenas noches y me haga sonreír como estúpida #noporquemecaso ....#inlove",P
@AlondraMC4 jajajajaja no me gusta mucho apostar pero va!! ??,P
"Aveces un ""Everything gonna be alright"" de Justin me hace sentir mejor que mis amigos.",P
ya estoy hasta la madre hoy si!!!!!,N
Escribir nos acerca a Dios,P
Jaja :P @ArianaGrande i love:*,P
@diianaFm JAJAJAJA!! :33,P
"@paoow_ @montsebernalg que por cierto se burlo de nosotros, por eso! =(",N
"@LoreVegaSz ok me la debessss ehh jajajaj sigue disfrutando "" kosteñita eres"" jajajajaj",O
Tengo antojo de pastel y una pastelería El Globo enfrente y es más grande mi flojera ??,N
Esta buenísimo @AndreaPeregrina !! http://t.co/7vNhZ3RWSq,P
"La curiosidad mato al gato, pero murió sabiendo!",O
@onedirection agradeciendo a la ciudad de Barcelona. ¿Quién no alabaría esa hermosa ciudad?,P
"RT @Karla_Morillo: en los TT sigue el: Venezuela 1-1 El Salvador o seaaa ya es Venezuela 2-1 El Salvador""// regalos del arbitro esos penales",N
Y mi adolescencia ni se diga :'),P
Arrechera!!!,P
@GrissAshanti jajaajja see esta bien jejej :3,P
@Katiagalvan_ Jaja:'(,N
Casi me detiene la lluvia.. casi.!! Hehehehe.!! (@ Dekada w/ 2 others) http://t.co/Zg58UG1MU2,O
"El tiempo no duerme los grandes dolores, pero sí los adormece.",N
